precision,recall,f1-score,support
0.93,0.9587628865979382,0.9441624365482233,97.0
0.9826086956521739,0.9699570815450643,0.9762419006479481,233.0
0.9666666666666667,0.9666666666666667,0.9666666666666667,0.9666666666666667
0.956304347826087,0.9643599840715013,0.9602021685980857,330.0
0.967144927536232,0.9666666666666667,0.9668124824125744,330.0
